Название|Стоимость|Размер|Местоположение|Дата публикации|Ссылка
Пальто зимнее мужское|10 р.|46 (S), 48 (M)|Витебск|Сегодня, 14:40|https://www.kufar.by/item/1037634721?block_name=main&r_block=all&rank=0&searchId=fe1d8bd1-ebfb-403d-8ef1-6a9afeb1d139&total_rank=0
Пальто зимнее.|70 р.|50 (L)|Минск, Московский|Вчера, 19:00|https://www.kufar.by/item/1037531956?block_name=main&r_block=all&rank=1&searchId=fe1d8bd1-ebfb-403d-8ef1-6a9afeb1d139&total_rank=1
Пальто зимнее пуховое|50 р.|50 (L)|Минск, Московский|Вчера, 18:52|https://www.kufar.by/item/1037531206?block_name=main&r_block=all&rank=2&searchId=fe1d8bd1-ebfb-403d-8ef1-6a9afeb1d139&total_rank=2
Мужское пальто Strellson. Швейцария. Шерсть|210 р.|50 (L), 52 (XL)|Минск, Фрунзенский|Вчера, 17:29|https://www.kufar.by/item/1037521696?block_name=main&r_block=all&rank=3&searchId=fe1d8bd1-ebfb-403d-8ef1-6a9afeb1d139&total_rank=3
Куртка длинная Diesel|120 р.|54-56 (XXXL)|Минск, Советский|Вчера, 13:16|https://www.kufar.by/item/1037488593?block_name=main&r_block=all&rank=4&searchId=fe1d8bd1-ebfb-403d-8ef1-6a9afeb1d139&total_rank=4
Пальто Pierre Carlos Мужское|80 р.|46 (S)|Брест|Вчера, 12:05|https://www.kufar.by/item/1037480065?block_name=main&r_block=all&rank=5&searchId=fe1d8bd1-ebfb-403d-8ef1-6a9afeb1d139&total_rank=5
Пальто мужское|90 р.|52-54 (XXL)|Брест|11 окт., 10:15|https://www.kufar.by/item/1037350323?block_name=main&r_block=all&rank=6&searchId=fe1d8bd1-ebfb-403d-8ef1-6a9afeb1d139&total_rank=6
Пальто|40 р.|<42, 44 (XS)|Солигорск, Минская обл.|10 окт., 20:02|https://www.kufar.by/item/1037290743?block_name=main&r_block=all&rank=7&searchId=fe1d8bd1-ebfb-403d-8ef1-6a9afeb1d139&total_rank=7
Пальто|45 р.|48 (M), 50 (L)|Мозырь, Гомельская обл.|10 окт., 15:20|https://www.kufar.by/item/1037267411?block_name=main&r_block=all&rank=8&searchId=fe1d8bd1-ebfb-403d-8ef1-6a9afeb1d139&total_rank=8
Пальто из натуральной кожи мужское (осень/зима)|800 р.|54-56 (XXXL), 58, 60|Минск, Фрунзенский|10 окт., 14:41|https://www.kufar.by/item/1030468767?block_name=main&r_block=all&rank=9&searchId=fe1d8bd1-ebfb-403d-8ef1-6a9afeb1d139&total_rank=9
Пальто мужское на осень-зиму б/у, 52-54 размер|100 р.|52 (XL), 52-54 (XXL)|Брест|10 окт., 14:25|https://www.kufar.by/item/1030112644?block_name=main&r_block=all&rank=10&searchId=fe1d8bd1-ebfb-403d-8ef1-6a9afeb1d139&total_rank=10
Пальто Burberry|500 р.|50 (L)|Минск, Фрунзенский|10 окт., 00:48|https://www.kufar.by/item/1037197011?block_name=main&r_block=all&rank=11&searchId=fe1d8bd1-ebfb-403d-8ef1-6a9afeb1d139&total_rank=11
Пальто Bershka|40 р.|52-54 (XXL), 54-56 (XXXL), 58, 60|Фаниполь, Минская обл.|9 окт., 10:40|https://www.kufar.by/item/1037109904?block_name=main&r_block=all&rank=12&searchId=fe1d8bd1-ebfb-403d-8ef1-6a9afeb1d139&total_rank=12
Пальто пуховик рост 152-160|90 р.|<42, 44 (XS)|Речица, Гомельская обл.|8 окт., 18:54|https://www.kufar.by/item/1037036105?block_name=main&r_block=all&rank=13&searchId=fe1d8bd1-ebfb-403d-8ef1-6a9afeb1d139&total_rank=13
Мужское пальто|Договорная|50 (L), 52 (XL)|Гродно|8 окт., 15:52|https://www.kufar.by/item/1037020651?block_name=main&r_block=all&rank=14&searchId=fe1d8bd1-ebfb-403d-8ef1-6a9afeb1d139&total_rank=14
Солидное мужское зимнее пальто - БЫСТРЫМ СКИДКА|299.99 р.|54-56 (XXXL)|Минск, Московский|8 окт., 08:45|https://www.kufar.by/item/1036979482?block_name=main&r_block=all&rank=15&searchId=fe1d8bd1-ebfb-403d-8ef1-6a9afeb1d139&total_rank=15
Пальто мужское черное кепка восьмиклинка|80 р.|48 (M), 46 (S)|Брест|7 окт., 21:16|https://www.kufar.by/item/1036929304?block_name=main&r_block=all&rank=16&searchId=fe1d8bd1-ebfb-403d-8ef1-6a9afeb1d139&total_rank=16
Мужская куртка|60 р.|48 (M), 50 (L), 52 (XL)|Минск, Фрунзенский|7 окт., 16:11|https://www.kufar.by/item/1036156194?block_name=main&r_block=all&rank=17&searchId=fe1d8bd1-ebfb-403d-8ef1-6a9afeb1d139&total_rank=17
Мужское пальто, зима 50-52р-р|80 р.|50 (L), 52 (XL)|Витебск|7 окт., 09:55|https://www.kufar.by/item/1036864218?block_name=main&r_block=all&rank=18&searchId=fe1d8bd1-ebfb-403d-8ef1-6a9afeb1d139&total_rank=18
Пальто капитанское|100 р.|50 (L)|Другие города, Минская обл.|6 окт., 11:25|https://www.kufar.by/item/1036750665?block_name=main&r_block=all&rank=19&searchId=fe1d8bd1-ebfb-403d-8ef1-6a9afeb1d139&total_rank=19
Пальто|40 р.|52 (XL)|Бобруйск, Могилевская обл.|6 окт., 10:57|https://www.kufar.by/item/1036747811?block_name=main&r_block=all&rank=20&searchId=fe1d8bd1-ebfb-403d-8ef1-6a9afeb1d139&total_rank=20
Пальто фирм.стеганное Турция раз.50-52|100 р.|50 (L), 52 (XL)|Минск, Фрунзенский|5 окт., 23:09|https://www.kufar.by/item/1035441664?block_name=main&r_block=all&rank=21&searchId=fe1d8bd1-ebfb-403d-8ef1-6a9afeb1d139&total_rank=21
Пальто «Евростиль» (75% шерсть 25% кашмир)|120 р.|46 (S)|Могилев|5 окт., 13:13|https://www.kufar.by/item/1036596797?block_name=main&r_block=all&rank=22&searchId=fe1d8bd1-ebfb-403d-8ef1-6a9afeb1d139&total_rank=22
Пальто мужское|25 р.|50 (L), 48 (M)|Гродно|5 окт., 12:43|https://www.kufar.by/item/1036593294?block_name=main&r_block=all&rank=23&searchId=fe1d8bd1-ebfb-403d-8ef1-6a9afeb1d139&total_rank=23
Мужское пальто|50 р.|48 (M)|Новополоцк, Витебская обл.|4 окт., 12:21|https://www.kufar.by/item/1036465335?block_name=main&r_block=all&rank=24&searchId=fe1d8bd1-ebfb-403d-8ef1-6a9afeb1d139&total_rank=24
пуховик kappa 164/170, сост идеал, 1 раз носил|150 р.||Минск, Ленинский|3 окт., 20:48|https://www.kufar.by/item/1036394599?block_name=main&r_block=all&rank=25&searchId=fe1d8bd1-ebfb-403d-8ef1-6a9afeb1d139&total_rank=25
Пальто ''ТЭЛСТАЙЛ''|135 р.|50 (L), 52 (XL)|Барановичи, Брестская обл.|3 окт., 15:50|https://www.kufar.by/item/1036369897?block_name=main&r_block=all&rank=26&searchId=fe1d8bd1-ebfb-403d-8ef1-6a9afeb1d139&total_rank=26
Пальто мужское adidas XL|400 р.|52 (XL)|Минск, Первомайский|2 окт., 18:26|https://www.kufar.by/item/1036262720?block_name=main&r_block=all&rank=27&searchId=fe1d8bd1-ebfb-403d-8ef1-6a9afeb1d139&total_rank=27
Пальто мужское|100 р.|52-54 (XXL)|Гродно|2 окт., 16:49|https://www.kufar.by/item/1036254643?block_name=main&r_block=all&rank=28&searchId=fe1d8bd1-ebfb-403d-8ef1-6a9afeb1d139&total_rank=28
Куртка -бушлат мужской бренда Fishbone XS -S|55 р.|44 (XS), 46 (S)|Минск, Партизанский|2 окт., 15:31|https://www.kufar.by/item/1036245507?block_name=main&r_block=all&rank=29&searchId=fe1d8bd1-ebfb-403d-8ef1-6a9afeb1d139&total_rank=29
Пальто|50 р.||Молодечно, Минская обл.|2 окт., 08:50|https://www.kufar.by/item/1036202270?block_name=main&r_block=all&rank=30&searchId=fe1d8bd1-ebfb-403d-8ef1-6a9afeb1d139&total_rank=30
пальто зимнее подростковое|65 р.|<42, 44 (XS)|Пинск, Брестская обл.|1 окт., 20:48|https://www.kufar.by/item/1036146445?block_name=main&r_block=all&rank=31&searchId=fe1d8bd1-ebfb-403d-8ef1-6a9afeb1d139&total_rank=31
Пальто мужское|20 р.|46 (S)|Молодечно, Минская обл.|1 окт., 20:27|https://www.kufar.by/item/1036144594?block_name=main&r_block=all&rank=32&searchId=fe1d8bd1-ebfb-403d-8ef1-6a9afeb1d139&total_rank=32
Пальто Aquascutum (burberry, stone island)|180 р.|46 (S), 48 (M)|Минск, Центральный|1 окт., 14:43|https://www.kufar.by/item/1036109796?block_name=main&r_block=all&rank=33&searchId=fe1d8bd1-ebfb-403d-8ef1-6a9afeb1d139&total_rank=33
Кожаное мужское пальто, р. 54-56|500 р.|54-56 (XXXL)|Гродно|1 окт., 12:17|https://www.kufar.by/item/1036091313?block_name=main&r_block=all&rank=34&searchId=fe1d8bd1-ebfb-403d-8ef1-6a9afeb1d139&total_rank=34
Зимнее пальто|120 р.|46 (S)|Ивацевичи, Брестская обл.|30 сент., 20:46|https://www.kufar.by/item/1036021201?block_name=main&r_block=all&rank=35&searchId=fe1d8bd1-ebfb-403d-8ef1-6a9afeb1d139&total_rank=35
Пальто|55 р.|50 (L)|Брест|30 сент., 15:06|https://www.kufar.by/item/1035975425?block_name=main&r_block=all&rank=36&searchId=fe1d8bd1-ebfb-403d-8ef1-6a9afeb1d139&total_rank=36
Пальто шерстяное Elema|100 р.|50 (L)|Минск, Московский|30 сент., 11:34|https://www.kufar.by/item/1035950281?block_name=main&r_block=all&rank=37&searchId=fe1d8bd1-ebfb-403d-8ef1-6a9afeb1d139&total_rank=37
Пальто|150 р.|46 (S), 48 (M)|Витебск|30 сент., 11:33|https://www.kufar.by/item/1035949348?block_name=main&r_block=all&rank=38&searchId=fe1d8bd1-ebfb-403d-8ef1-6a9afeb1d139&total_rank=38
Пальто мужское|159 р.|50 (L)|Гомель|29 сент., 22:37|https://www.kufar.by/item/1035892239?block_name=main&r_block=all&rank=39&searchId=fe1d8bd1-ebfb-403d-8ef1-6a9afeb1d139&total_rank=39
Кожаная пальто на натуральном меху|Договорная|48 (M)|Минск, Ленинский|29 сент., 18:26|https://www.kufar.by/item/1035866451?block_name=main&r_block=all&rank=40&searchId=fe1d8bd1-ebfb-403d-8ef1-6a9afeb1d139&total_rank=40
Зимнее мужское кожаное пальто|400 р.|52-54 (XXL)|Минск, Фрунзенский|29 сент., 17:49|https://www.kufar.by/item/1035862190?block_name=main&r_block=all&rank=41&searchId=fe1d8bd1-ebfb-403d-8ef1-6a9afeb1d139&total_rank=41
Пальто|150 р.|48 (M)|Гродно|29 сент., 10:20|https://www.kufar.by/item/1035812211?block_name=main&r_block=all&rank=0&searchId=fe1d8bd1-ebfb-403d-8ef1-6a9afeb1d139&total_rank=42
Пальто мужское|30 р.|46 (S)|Лида, Гродненская обл.|29 сент., 09:07|https://www.kufar.by/item/1035805713?block_name=main&r_block=all&rank=1&searchId=fe1d8bd1-ebfb-403d-8ef1-6a9afeb1d139&total_rank=43
Пальто Pierre Carlos|200 р.|48 (M)|Минск, Фрунзенский|28 сент., 13:57|https://www.kufar.by/item/1035703574?block_name=main&r_block=all&rank=2&searchId=fe1d8bd1-ebfb-403d-8ef1-6a9afeb1d139&total_rank=44
Пальто|300 р.|44 (XS)|Витебск|27 сент., 22:59|https://www.kufar.by/item/1035630586?block_name=main&r_block=all&rank=3&searchId=fe1d8bd1-ebfb-403d-8ef1-6a9afeb1d139&total_rank=45
Пальто еврозима мужское|170 р.|48 (M)|Минск, Московский|27 сент., 22:31|https://www.kufar.by/item/1035629111?block_name=main&r_block=all&rank=4&searchId=fe1d8bd1-ebfb-403d-8ef1-6a9afeb1d139&total_rank=46
Пальто|100 р.|52 (XL)|Барановичи, Брестская обл.|27 сент., 18:12|https://www.kufar.by/item/1035608094?block_name=main&r_block=all&rank=5&searchId=fe1d8bd1-ebfb-403d-8ef1-6a9afeb1d139&total_rank=47
Пальто зимнее мужское 50 разм.|300 р.|50 (L)|Минск, Фрунзенский|27 сент., 09:41|https://www.kufar.by/item/1032938106?block_name=main&r_block=all&rank=6&searchId=fe1d8bd1-ebfb-403d-8ef1-6a9afeb1d139&total_rank=48
Пальто мужское 48-50|35 р.|50 (L)|Поставы, Витебская обл.|26 сент., 17:13|https://www.kufar.by/item/1034071347?block_name=main&r_block=all&rank=7&searchId=fe1d8bd1-ebfb-403d-8ef1-6a9afeb1d139&total_rank=49
Пальто зимнее утеплённое|Договорная|52-54 (XXL)|Минск, Фрунзенский|26 сент., 15:34|https://www.kufar.by/item/1009491887?block_name=main&r_block=all&rank=8&searchId=fe1d8bd1-ebfb-403d-8ef1-6a9afeb1d139&total_rank=50
Продам пальто мужское|200 р.|62, 64|Минск, Первомайский|26 сент., 12:15|https://www.kufar.by/item/1035455461?block_name=main&r_block=all&rank=9&searchId=fe1d8bd1-ebfb-403d-8ef1-6a9afeb1d139&total_rank=51
Пальто пуховик NIKE, ОРИГИНАЛ, p-р L|620 р.|50 (L)|Минск, Ленинский|26 сент., 12:00|https://www.kufar.by/item/1035451709?block_name=main&r_block=all&rank=10&searchId=fe1d8bd1-ebfb-403d-8ef1-6a9afeb1d139&total_rank=52
Пальто|89 р.|50 (L), 52 (XL)|Минск, Ленинский|25 сент., 20:29|https://www.kufar.by/item/1000089513?block_name=main&r_block=all&rank=11&searchId=fe1d8bd1-ebfb-403d-8ef1-6a9afeb1d139&total_rank=53
Полупальто мужское|85 р.|48 (M), 50 (L)|Пинск, Брестская обл.|25 сент., 16:42|https://www.kufar.by/item/1035362056?block_name=main&r_block=all&rank=12&searchId=fe1d8bd1-ebfb-403d-8ef1-6a9afeb1d139&total_rank=54
Пальто мужское. Зима.|50 р.|54-56 (XXXL)|Несвиж, Минская обл.|25 сент., 12:48|https://www.kufar.by/item/1035339130?block_name=main&r_block=all&rank=13&searchId=fe1d8bd1-ebfb-403d-8ef1-6a9afeb1d139&total_rank=55
Пальто|70 р.|52-54 (XXL)|Речица, Гомельская обл.|24 сент., 23:08|https://www.kufar.by/item/1035271517?block_name=main&r_block=all&rank=14&searchId=fe1d8bd1-ebfb-403d-8ef1-6a9afeb1d139&total_rank=56
Пальто|50 р.|46 (S)|Минск, Фрунзенский|24 сент., 19:49|https://www.kufar.by/item/1035256193?block_name=main&r_block=all&rank=15&searchId=fe1d8bd1-ebfb-403d-8ef1-6a9afeb1d139&total_rank=57
Пальто зимнее мужское|130 р.|52 (XL)|Минск, Московский|24 сент., 16:21|https://www.kufar.by/item/1035239273?block_name=main&r_block=all&rank=16&searchId=fe1d8bd1-ebfb-403d-8ef1-6a9afeb1d139&total_rank=58
Пальто мужское|Договорная|48 (M), 50 (L)|Гродно|24 сент., 10:29|https://www.kufar.by/item/1035203576?block_name=main&r_block=all&rank=17&searchId=fe1d8bd1-ebfb-403d-8ef1-6a9afeb1d139&total_rank=59
Полупальто зимнее|45 р.|52 (XL)|Гомель|23 сент., 22:08|https://www.kufar.by/item/1035150629?block_name=main&r_block=all&rank=18&searchId=fe1d8bd1-ebfb-403d-8ef1-6a9afeb1d139&total_rank=60
Чёрное мужское пальто|160 р.|52 (XL), 52-54 (XXL)|Минск, Ленинский|23 сент., 19:46|https://www.kufar.by/item/1031687456?block_name=main&r_block=all&rank=19&searchId=fe1d8bd1-ebfb-403d-8ef1-6a9afeb1d139&total_rank=61
Пальто мужское зимнее|50 р.|46 (S), 48 (M)|Минск, Заводской|23 сент., 18:48|https://www.kufar.by/item/1035133271?block_name=main&r_block=all&rank=20&searchId=fe1d8bd1-ebfb-403d-8ef1-6a9afeb1d139&total_rank=62
Пальто мужское|50 р.|50 (L)|Докшицы, Витебская обл.|23 сент., 10:31|https://www.kufar.by/item/1035080414?block_name=main&r_block=all&rank=21&searchId=fe1d8bd1-ebfb-403d-8ef1-6a9afeb1d139&total_rank=63
Пальто мужское бренда Mistek design на рост 182|50 р.|52 (XL)|Минск, Фрунзенский|22 сент., 09:37|https://www.kufar.by/item/1029016550?block_name=main&r_block=all&rank=22&searchId=fe1d8bd1-ebfb-403d-8ef1-6a9afeb1d139&total_rank=64
Мужское зимнее шерстяное пальто|150 р.||Гомель|21 сент., 14:39|https://www.kufar.by/item/1034874955?block_name=main&r_block=all&rank=23&searchId=fe1d8bd1-ebfb-403d-8ef1-6a9afeb1d139&total_rank=65
Пальто|40 р.|44 (XS), 46 (S)|Другие города, Витебская обл.|21 сент., 09:53|https://www.kufar.by/item/1034843617?block_name=main&r_block=all&rank=24&searchId=fe1d8bd1-ebfb-403d-8ef1-6a9afeb1d139&total_rank=66
Полупальто мужское зимнее 1989 г.|Договорная||Витебск|20 сент., 23:20|https://www.kufar.by/item/1034799063?block_name=main&r_block=all&rank=25&searchId=fe1d8bd1-ebfb-403d-8ef1-6a9afeb1d139&total_rank=67
Мужское зимнее пальто|100 р.|50 (L)|Сморгонь, Гродненская обл.|20 сент., 18:51|https://www.kufar.by/item/1034782115?block_name=main&r_block=all&rank=26&searchId=fe1d8bd1-ebfb-403d-8ef1-6a9afeb1d139&total_rank=68
Продам ПАЛЬТО ЧЕРНОЕ ШЕРСТЯНОЕ ДРАПОВОЕ Р.50-52|298 р.|50 (L), 52 (XL), 52-54 (XXL)|Могилев|18 сент., 10:44|https://www.kufar.by/item/1004832337?block_name=main&r_block=all&rank=27&searchId=fe1d8bd1-ebfb-403d-8ef1-6a9afeb1d139&total_rank=69
Очень теплое пальто|85 р.|52-54 (XXL), 52 (XL), 50 (L)|Минск, Центральный|18 сент., 09:54|https://www.kufar.by/item/1001928802?block_name=main&r_block=all&rank=28&searchId=fe1d8bd1-ebfb-403d-8ef1-6a9afeb1d139&total_rank=70
Пальто зимнее утеплённое. Шерсть. 52 размер.|180 р.|52 (XL)|Минск, Центральный|17 сент., 19:56|https://www.kufar.by/item/1034387588?block_name=main&r_block=all&rank=29&searchId=fe1d8bd1-ebfb-403d-8ef1-6a9afeb1d139&total_rank=71
Пальто утепленное Galano|500 р.||Минск, Центральный|17 сент., 14:07|https://www.kufar.by/item/1034347154?block_name=main&r_block=all&rank=30&searchId=fe1d8bd1-ebfb-403d-8ef1-6a9afeb1d139&total_rank=72
Полупальто|45 р.|52 (XL)|Бобруйск, Могилевская обл.|17 сент., 13:27|https://www.kufar.by/item/1034343246?block_name=main&r_block=all&rank=31&searchId=fe1d8bd1-ebfb-403d-8ef1-6a9afeb1d139&total_rank=73
Зимний пуховик|120 р.|48 (M)|Гродно|17 сент., 11:31|https://www.kufar.by/item/1034328532?block_name=main&r_block=all&rank=32&searchId=fe1d8bd1-ebfb-403d-8ef1-6a9afeb1d139&total_rank=74
Пальто|300 р.|48 (M), 50 (L)|Гомель|15 сент., 14:47|https://www.kufar.by/item/1034102190?block_name=main&r_block=all&rank=33&searchId=fe1d8bd1-ebfb-403d-8ef1-6a9afeb1d139&total_rank=75
Пальто Michael Kors оригинал размер 50 (L)|210 р.|50 (L)|Минск, Октябрьский|14 сент., 09:31|https://www.kufar.by/item/1033922414?block_name=main&r_block=all&rank=34&searchId=fe1d8bd1-ebfb-403d-8ef1-6a9afeb1d139&total_rank=76
Пальто|180 р.||Орша, Витебская обл.|11 сент., 22:31|https://www.kufar.by/item/1033638642?block_name=main&r_block=all&rank=35&searchId=fe1d8bd1-ebfb-403d-8ef1-6a9afeb1d139&total_rank=77
Пальто мужское зимнее|55 р.|46 (S), 48 (M)|Минск, Партизанский|11 сент., 15:54|https://www.kufar.by/item/1033608604?block_name=main&r_block=all&rank=36&searchId=fe1d8bd1-ebfb-403d-8ef1-6a9afeb1d139&total_rank=78
Пальто|125 р.|52 (XL), 52-54 (XXL)|Гродно|11 сент., 10:20|https://www.kufar.by/item/1033576189?block_name=main&r_block=all&rank=37&searchId=fe1d8bd1-ebfb-403d-8ef1-6a9afeb1d139&total_rank=79
Zara пальто из смесовой шерсти р L-XL 6681/209/800|499 р.|50 (L), 52 (XL)|Минск, Партизанский|10 сент., 19:09|https://www.kufar.by/item/1033498764?block_name=main&r_block=all&rank=38&searchId=fe1d8bd1-ebfb-403d-8ef1-6a9afeb1d139&total_rank=80
Новое пальто Zara размер XXL|250 р.|52-54 (XXL), 54-56 (XXXL)|Минск, Первомайский|8 сент., 19:46|https://www.kufar.by/item/1033229412?block_name=main&r_block=all&rank=39&searchId=fe1d8bd1-ebfb-403d-8ef1-6a9afeb1d139&total_rank=81
Сегодня. Абсолютно новое мужское пальто Palmonte|330 р.|52 (XL), 52-54 (XXL), 54-56 (XXXL)|Гомель|7 сент., 22:32|https://www.kufar.by/item/1033109441?block_name=main&r_block=all&rank=40&searchId=fe1d8bd1-ebfb-403d-8ef1-6a9afeb1d139&total_rank=82
Зимнее пальто|85 р.|50 (L), 52 (XL)|Минск, Московский|7 сент., 22:08|https://www.kufar.by/item/1033107985?block_name=main&r_block=all&rank=41&searchId=fe1d8bd1-ebfb-403d-8ef1-6a9afeb1d139&total_rank=83
Пальто Ted David мужское|200 р.|50 (L), 52 (XL)|Минск, Фрунзенский|7 сент., 19:42|https://www.kufar.by/item/1033096632?block_name=main&r_block=all&rank=0&searchId=fe1d8bd1-ebfb-403d-8ef1-6a9afeb1d139&total_rank=84
Пальто|45 р.|48 (M)|Жодино, Минская обл.|7 сент., 18:50|https://www.kufar.by/item/1033092162?block_name=main&r_block=all&rank=1&searchId=fe1d8bd1-ebfb-403d-8ef1-6a9afeb1d139&total_rank=85
Пальто мужское (френч)|190 р.|46 (S)|Гомель|7 сент., 15:07|https://www.kufar.by/item/1033070962?block_name=main&r_block=all&rank=2&searchId=fe1d8bd1-ebfb-403d-8ef1-6a9afeb1d139&total_rank=86
Пальто|150 р.|52-54 (XXL)|Брест|6 сент., 12:30|https://www.kufar.by/item/1024173515?block_name=main&r_block=all&rank=3&searchId=fe1d8bd1-ebfb-403d-8ef1-6a9afeb1d139&total_rank=87
Мужское полупальто Masgalli|390 р.|52 (XL)|Минск, Советский|4 сент., 08:54|https://www.kufar.by/item/215408061?block_name=main&r_block=all&rank=4&searchId=fe1d8bd1-ebfb-403d-8ef1-6a9afeb1d139&total_rank=88
Пальто|50 р.|48 (M)|Калинковичи, Гомельская обл.|2 сент., 08:59|https://www.kufar.by/item/1032404270?block_name=main&r_block=all&rank=5&searchId=fe1d8bd1-ebfb-403d-8ef1-6a9afeb1d139&total_rank=89
Пальто|75 р.|50 (L)|Речица, Гомельская обл.|30 авг., 18:59|https://www.kufar.by/item/1032079406?block_name=main&r_block=all&rank=6&searchId=fe1d8bd1-ebfb-403d-8ef1-6a9afeb1d139&total_rank=90
Куртка Merrell|Договорная||Гомель|29 авг., 16:27|https://www.kufar.by/item/1031939390?block_name=main&r_block=all&rank=7&searchId=fe1d8bd1-ebfb-403d-8ef1-6a9afeb1d139&total_rank=91
Пальто мужское 58-60|80 р.|58, 60|Мосты, Гродненская обл.|27 авг., 23:24|https://www.kufar.by/item/1031716773?block_name=main&r_block=all&rank=8&searchId=fe1d8bd1-ebfb-403d-8ef1-6a9afeb1d139&total_rank=92
Пальто|100 р.|46 (S), 48 (M)|Борисов, Минская обл.|23 авг., 19:41|https://www.kufar.by/item/1031046009?block_name=main&r_block=all&rank=9&searchId=fe1d8bd1-ebfb-403d-8ef1-6a9afeb1d139&total_rank=93
Пальто шерстяное мужское ''Славянка'', р.50|65 р.|50 (L)|Минск, Первомайский|23 авг., 11:55|https://www.kufar.by/item/1030998847?block_name=main&r_block=all&rank=10&searchId=fe1d8bd1-ebfb-403d-8ef1-6a9afeb1d139&total_rank=94
Продам ПАЛЬТО ЧЕРНОЕ ОРИГИНАЛЬНОЕ EMPORIO ARMANI|1 298 р.|50 (L), 52 (XL), 52-54 (XXL)|Могилев|22 авг., 07:06|https://www.kufar.by/item/1003903655?block_name=main&r_block=all&rank=11&searchId=fe1d8bd1-ebfb-403d-8ef1-6a9afeb1d139&total_rank=95
Пальто Бренда Keyman|170 р.|48 (M)|Мозырь, Гомельская обл.|21 авг., 17:18|https://www.kufar.by/item/1030729238?block_name=main&r_block=all&rank=12&searchId=fe1d8bd1-ebfb-403d-8ef1-6a9afeb1d139&total_rank=96
Зимнее мужское пальто|70 р.|54-56 (XXXL)|Минск, Первомайский|20 авг., 15:47|https://www.kufar.by/item/1030572721?block_name=main&r_block=all&rank=13&searchId=fe1d8bd1-ebfb-403d-8ef1-6a9afeb1d139&total_rank=97
Пальто Мужское с Капюшоном|45 р.|48 (M), 50 (L), 52 (XL)|Минск, Фрунзенский|19 авг., 23:05|https://www.kufar.by/item/1030463816?block_name=main&r_block=all&rank=14&searchId=fe1d8bd1-ebfb-403d-8ef1-6a9afeb1d139&total_rank=98
Пальто мужское|60 р.|50 (L)|Гродно|19 авг., 14:03|https://www.kufar.by/item/1030412307?block_name=main&r_block=all&rank=15&searchId=fe1d8bd1-ebfb-403d-8ef1-6a9afeb1d139&total_rank=99
Мужское пальто Дафлкот|200 р.|52-54 (XXL)|Солигорск, Минская обл.|19 авг., 07:31|https://www.kufar.by/item/1030355405?block_name=main&r_block=all&rank=16&searchId=fe1d8bd1-ebfb-403d-8ef1-6a9afeb1d139&total_rank=100
П/пальто, 48-50р.|25 р.|48 (M)|Новополоцк, Витебская обл.|16 авг., 18:01|https://www.kufar.by/item/1029976593?block_name=main&r_block=all&rank=17&searchId=fe1d8bd1-ebfb-403d-8ef1-6a9afeb1d139&total_rank=101
Продам ПАЛЬТО ЧЕРНОЕ ШЕРСТЬ р.50-52|198 р.|50 (L), 52 (XL), 52-54 (XXL)|Могилев|15 авг., 07:37|https://www.kufar.by/item/1003871728?block_name=main&r_block=all&rank=18&searchId=fe1d8bd1-ebfb-403d-8ef1-6a9afeb1d139&total_rank=102
